0,1,2,3,4,5,6,7,8,9,10,11,12,13,14,15,16,17,18,19,20,21,22,23,24,25,26,27,28,29,30,31,32,33,34,35,36,37,38,39,40,41,42,43,44,45,46,47,48,49,50,51,52,53,54,55,56,57,58,59,60,61,62,63,64,65,66,67,68,69,70,71,72,73,74,75,76,77,78,79,80,81,82,83,84,85,86,87,88,89,90,91,92,93,94,95,96,97,98,99,100,101,102,103,104,105,106,107,108,109,110,111,112,113,114,115,116,117,118,119,120,121,122,123,124,125,126,127,128,129,130,131,132,133,134,135,136,137,138,139,140,141,142,143,144,145,146,147,148,149,150,151,152,153,154,155,156,157,158,159,160,161,162,163,164,165,166,167,168,169,170,171,172,173,174,175,176,177,178,179,180,181,182,183,184,185,186,187,188,189,190,191,192,193,194,195,196,197,198,199,200
0.765174193818577,0.7613122755791628,0.7569560629938442,0.7520834120471209,0.7466717651557379,0.7406982427423694,0.734139752229841,0.7269731161282964,0.7191752208752086,0.7107231880303614,0.701594569314379,0.6917675667987306,0.6812212792954965,0.6699359756443145,0.657893395140193,0.6450770747784935,0.6314727023039512,0.6170684932336732,0.6018555890789976,0.585828472923095,0.5689853973333107,0.5513288183214499,0.5328658277441579,0.5136085752034172,0.49357466922015525,0.472787546279975,0.45127679536740883,0.42907842489991704,0.4062350586352494,0.382796047244053,0.35881748289434073,0.33436210544992623,0.30949909078188975,0.28430371423888456,0.2588568854883051,0.23324455465156968,0.20755699379295697,0.18188796221845913,0.15633376849710123,0.13099224640305432,0.10596166585077522,0.08133960312024455,0.05722179703174013,0.03370101905791686,0.0108659855422376,-0.011199660816691772,-0.03241827522324575,-0.0527190190132332,-0.07203853417753629,-0.09032147125265354,-0.107520862783819,-0.12359833981011414,-0.13852419390400184,-0.15227729197555132,-0.16484485512174696,-0.17622211611404232,-0.18641187258131717,-0.19542395452774836,-0.2032746255468129,-0.20998593702022936,-0.21558505382569706,-0.2201035687446903,-0.22357682099787507,-0.22604323227891887,-0.22754367143819149,-0.228120856702965,-0.22781880210889452,-0.2266823127373619,-0.22475653146242117,-0.22208653824784114,-0.21871700161965196,-0.2146918807783608,-0.2100541759012535,-0.2048457235036142,-0.19910703325660503,-0.192877162373502,-0.1861936235476941,-0.17909232242792558,-0.1716075207223068,-0.16377182120827716,-0.15561617116904072,-0.14716988105890882,-0.13846065550424597,-0.12951463405993882,-0.1203564394527624,-0.11100923134438441,-0.101494763931921,-0.09183344596862561,-0.08204440202876204,-0.07214553405761533,-0.06215358243952656,-0.05208418598429906,-0.041951940376376784,-0.031770454753328826,-0.021552406182201122,-0.011309591886192742,-0.0010529791418510829,0.009207247179349395,0.01946163940970847,0.029701444177752313,0.0399185617254016,0.05010550736536997,0.06025537498461759,0.07036180249454088,0.08041893912692367,0.09042141447569475,0.10036430918741852,0.1102431272076959,0.12005376949566521,0.1297925091243181,0.1394559676899776,0.1490410929598965,0.158545137692306,0.1679656395683112,0.17730040217971146,0.1865474770210873,0.19570514643835665,0.20477190748941396,0.21374645667553532,0.22262767550490334,0.23141461685199644,0.2401064920786214,0.24870265888424717,0.2572026098548961,0.2656059616812806,0.273912445018194,0.2821218949583077,0.2902342420946316,0.2982495041468757,0.30616777812789575,0.3139892330273086,0.3217141029902056,0.3293426809697324,0.33687531283310646,0.3443123919014284,0.35165435390441746,0.3589016723319523,0.366054854165034,0.37311443596950233,0.3800809803365345,0.3869550726546234,0.3937373181983694,0.4004283395200316,0.40702877413036265,0.4135392724557708,0.41996049605935226,0.4262931161137768,0.4325378121143983,0.43869527082128995,0.4447661854192023,0.45075125488464,0.45665118354942347,0.46246668085019493,0.46819846125335907,0.47384724434491515,0.47941375507455625,0.4848987241432396,0.4903028885232427,0.49562699209944244,0.5008717864202541,0.5060380315463077,0.5111264969845594,0.5161379626951188,0.5210732201576496,0.525933073483766,0.5307183405614287,0.5354298542169327,0.540068463379718,0.5446350342349087,0.5491304513482402,0.5535556187478519,0.5579114609473467,0.5621989238945614,0.5664189758306368,0.5705726080442892,0.574660835506621,0.5786846973724381,0.5826452573348027,0.5865436038205211,0.5903808500153963,0.5941581337093724,0.597876616953203,0.6015374855198875,0.6051419481659408,0.6086912356894725,0.6121865997840984,0.6156293116898475,0.6190206606444006,0.6223619521402596,0.6256545059956423,0.6288996542491236,0.6320987388901547,0.6352531094396303,0.6383641203965522,0.6414331285685814,0.6444614903057527,0.6474505586579491,0.6504016804777476,0.6533161934910175,0.6561954233581367,0.6590406807488547
0.638039591672611,0.6428042173332058,0.6475192122246686,0.6521835137161294,0.6567958897881482,0.6613549222565274,0.66585898843918,0.670306241167077,0.6746945870479255,0.6790216629036078,0.6832848103208695,0.687481048280697,0.6916070438671096,0.6956590811026416,0.6996330280179867,0.7035243021397053,0.707327834675365,0.711038033793126,0.7146487475356901,0.7181532270798467,0.7215440912553677,0.7248132934729421,0.7279520924813451,0.7309510286786054,0.733799908037785,0.73648779606895,0.7390030246147313,0.7413332146516804,0.7434653186210699,0.7453856861106953,0.7470801569148503,0.7485341855652452,0.7497330012949955,0.7506618070079686,0.7513060201103624,0.7516515569561837,0.751685161108959,0.7513947735944834,0.7507699408120357,0.7498022528286024,0.7484858015051749,0.7468176444676854,0.7447982575814637,0.7424319556280486,0.7397272586769166,0.7366971805702934,0.7333594163483116,0.7297364076053905,0.7258552688207242,0.7217475635934764,0.717448927166622,0.7129985401525316,0.7084384673018376,0.703812883689704,0.699167218012586,0.6945472480626221,0.6899981863345652,0.6855637938478935,0.6812855576661698,0.6772019625939915,0.6733478806972237,0.6697540943463398,0.6664469601978221,0.6634482136277701,0.6607749062086407,0.6584394632878534,0.656449844801027,0.6548097901614174,0.6535191272857257,0.6525741263116602,0.6519678800412879,0.6516906952965091,0.6517304819070425,0.652073128716153,0.6527028585873027,0.653602556784714,0.6547540691940192,0.6561384686024119,0.6577362886629936,0.6595277262427446,0.6614928136314667,0.6636115626126711,0.6658640827121051,0.668230676089701,0.6706919115665569,0.6732286802152446,0.6758222348185886,0.6784542153425527,0.6811066623913364,0.6837620204307879,0.6864031323897064,0.6890132270842212,0.6915759007626681,0.6940750939398473,0.6964950645817478,0.698820358615313,0.7010357786728342,0.7031263519369336,0.7050772979297347,0.7068739970885887,0.708501960990665,0.7099468051299834,0.7111942252133742,0.7122299780267598,0.7130398680304659,0.7136097409722039,0.7139254859588553,0.7139730476026335,0.7137384500520941,0.7132078349311175,0.712367515434954,0.7112040490649444,0.7097043317128076,0.7078557160178035,0.7056461570971411,0.7030643888674792,0.7001001342020814,0.6967443520652141,0.6929895244852109,0.6888299857140072,0.684262295109368,0.6792856540955555,0.6739023659346696,0.6681183349030572,0.6619435987547777,0.655392885029983,0.6484861778317326,0.6412492772088564,0.6337143283823128,0.6259202929750586,0.6179133295059116,0.6097470461694393,0.6014825859535466,0.5931885031491496,0.5849403920315428,0.5768202336493832,0.5689154357964502,0.5613175546209246,0.5541207037680727,0.5474196777220834,0.5413078387633798,0.5358748397558977,0.5312042754510319,0.527371370591001,0.5244408214462005,0.5224649067427732,0.5214819733883815,0.5215153823365704,0.5225729719399894,0.5246470629083949,0.527714993902055,0.531740143461358,0.5366733656829185,0.5424547463005739,0.5490155740297585,0.5562804194182116,0.5641692191723973,0.5725992763422535,0.5814871037238344,0.5907500571428262,0.6003077248593448,0.6100830575260286,0.6200032387748003,0.6300003089493581,0.6400115635387469,0.6499797536536702,0.6598531188130375,0.6695852828976968,0.6791350429482477,0.6884660780784632,0.697546602623993,0.7063489841402513,0.7148493433039657,0.7230271493731157,0.7308648217578029,0.738347345526664,0.7454619063499012,0.7521975484577086,0.7585448576469361,0.7644956701612885,0.7700428073573437,0.7751798354048737,0.7799008488120469,0.7842002762745335,0.7880727071876081,0.7915127371024269,0.7945148304272587,0.7970731987516192,0.7991816932904128,0.80083371009413,0.8020221068409948,0.8027391302111052,0.8029763530367875,0.802724620624692,0.8019740058522379,0.8007137728532944,0.79893234932571,0.7966173077171675,0.7937553557767929,0.7903323371989821,0.786333243333966
-0.831781885475763,-0.8303198751325943,-0.8288526732916267,-0.8273802865636325,-0.825902720908159,-0.8244199816280203,-0.8229320733636002,-0.8214390000869638,-0.8199407650957765,-0.8184373710070222,-0.8169288197505196,-0.8154151125622314,-0.8138962499773625,-0.8123722318232449,-0.8108430572119991,-0.809308724532975,-0.8077692314449615,-0.8062245748681633,-0.8046747509759393,-0.8031197551862944,-0.8015595821531268,-0.7999942257572162,-0.7984236790969538,-0.7968479344788071,-0.7952669834075098,-0.7936808165759782,-0.7920894238549387,-0.7904927942822677,-0.7888909160520334,-0.7872837765032333,-0.7856713621082207,-0.7840536584608119,-0.7824306502640701,-0.7808023213177538,-0.779168654505424,-0.777529631781204,-0.7758852341561796,-0.7742354416844339,-0.7725802334487092,-0.7709195875456804,-0.7692534810708419,-0.767581890102985,-0.7659047896882688,-0.7642221538238639,-0.7625339554411676,-0.7608401663885715,-0.7591407574137785,-0.7574356981456514,-0.755724957075586,-0.7540085015383949,-0.75228629769269,-0.7505583105007505,-0.748824503707866,-0.7470848398211386,-0.7453392800877321,-0.7435877844725538,-0.7418303116353536,-0.7400668189072295,-0.7382972622665179,-0.7365215963140598,-0.7347397742478226,-0.7329517478368627,-0.7311574673946118,-0.7293568817514708,-0.7275499382266902,-0.725736582599523,-0.7239167590796308,-0.7220904102767176,-0.720257477169383,-0.7184178990731646,-0.7165716136077526,-0.7147185566633583,-0.7128586623662085,-0.7109918630431502,-0.7091180891853365,-0.7072372694109768,-0.7053493304271206,-0.7034541969904553,-0.7015517918670917,-0.6996420357913106,-0.6977248474232431,-0.6958001433054627,-0.6938678378184527,-0.6919278431349336,-0.6899800691730065,-0.688024423548097,-0.6860608115236607,-0.6840891359606223,-0.6821092972655195,-0.680121193337316,-0.678124719512853,-0.6761197685109066,-0.6741062303748165,-0.6720839924136538,-0.6700529391418886,-0.6680129522175269,-0.665963910378682,-0.6639056893785349,-0.661838161918661,-0.6597611975806716,-0.657674662756146,-0.655578420574804,-0.6534723308308912,-0.6513562499077309,-0.6492300307004104,-0.6470935225365562,-0.6449465710951675,-0.6427890183234621,-0.6406207023517011,-0.6384414574059517,-0.6362511137187541,-0.6340494974376483,-0.6318364305315344,-0.6296117306948216,-0.627375211249335,-0.6251266810439512,-0.6228659443519211,-0.6205928007658607,-0.6183070450903715,-0.6160084672322743,-0.6136968520884233,-0.6113719794310868,-0.6090336237908752,-0.6066815543372007,-0.6043155347562599,-0.6019353231265361,-0.5995406717918185,-0.5971313272317421,-0.5947070299298671,-0.5922675142393063,-0.5898125082459355,-0.5873417336292126,-0.5848549055206594,-0.5823517323600486,-0.5798319157493673,-0.5772951503046347,-0.5747411235056582,-0.5721695155438392,-0.5695799991681445,-0.5669722395293847,-0.5643458940229548,-0.5617006121302147,-0.5590360352587128,-0.5563517965814742,-0.5536475208756083,-0.5509228243605145,-0.5481773145360035,-0.5454105900206732,-0.5426222403909332,-0.5398118460210987,-0.53697897792502,-0.5341231975997732,-0.5312440568719721,-0.5283410977473327,-0.5254138522641745,-0.5224618423516055,-0.5194845796932213,-0.5164815655972109,-0.513452290873855,-0.5103962357214882,-0.5073128696220917,-0.5042016512477918,-0.5010620283796514,-0.4978934378402569,-0.494695305441742,-0.4914670459510264,-0.4882080630741992,-0.48491774946213917,-0.4815954867396422,-0.47824064556051016,-0.4748525856912596,-0.47143065612632673,-0.467974195237873,-0.46448253096354813,-0.46095498103583,-0.4573908532568505,-0.45378944582291125,-0.45015004770322625,-0.4464719390777686,-0.4427543918394645,-0.43899667016637606,-0.43519803116991695,-0.4313577256255981,-0.42747499879325485,-0.42354909133420543,-0.4195792403333065,-0.4155646804344105,-0.4115046450983227,-0.40739836799292317,-0.4032450845257786,-0.39904403353018947,-0.39479445911632177,-0.39049561269974414,-0.38614675522043845,-0.3817471595660455,-0.37729611321389905,-0.37279292110712137,-0.3682369087808194,-0.3636274257551805,-0.35896384921296837,-0.3542455879796621
0.472037939082325,0.45506318908178117,0.43768238652072977,0.4199175876609752,0.4017933792166056,0.38333689884657574,0.3645778319853372,0.34554838272141203,0.3262832166774748,0.30681937417117167,0.287196152344379,0.26745495543775294,0.24763911295152718,0.22779366606312593,0.20796512335402,0.1882011876152299,0.16855045623266332,0.149062098376756,0.12978551291055676,0.11076997156036994,0.09206425243755481,0.07371626943496366,0.055772703325554736,0.03827864054700774,0.02127722565301561,0.00480933324398269,-0.01108673514176939,-0.026375524182181892,-0.04102466360463713,-0.05500506907938124,-0.06829110239626764,-0.08086068905451414,-0.09269539233489779,-0.10378044386450899,-0.1141047315945039,-0.12366074696250731,-0.13244449377827258,-0.14045536203350023,-0.147695970379298,-0.15417198142821556,-0.15989189431835432,-0.16486681912635157,-0.16911023774034564,-0.17263775571379364,-0.17546684942959795,-0.17761661262715622,-0.17910750599952535,-0.17996111317125746,-0.18019990593649943,-0.1798470211876461,-0.178926051511564,-0.17746085098579858,-0.1754753572817434,-0.17299343078391186,-0.1700387110705183,-0.1666344907748843,-0.162803606562262,-0.15856834671347375,-0.15395037460492522,-0.14897066721259514,-0.14364946764325814,-0.13800625060653993,-0.13205969968313994,-0.12582769521417095,-0.11932731163043496,-0.11257482305502517,-0.1055857160445132,-0.09837470837988961,-0.09095577287544843,-0.08334216523920834,-0.075546455089881,-0.06758055931066927,-0.05945577699752399,-0.05118282533729981,-0.042771875828238916,-0.0342325903302772,-0.025574156504926896,-0.01680532227326896,-0.007934428985307804,0.001030556945734272,0.010082014134985875,0.019212638183383136,0.02841541559516447,0.03768359970858431,0.04701068865686341,0.05639040534491075,0.06581667940036362,0.0752836310347612,0.08478555673198342,0.09431691666611698,0.10387232373942537,0.11344653412275235,0.12303443917520976,0.1326310586170507,0.1422315348289557,0.15183112815219943,0.16142521306711918,0.17100927513162778,0.18057890856701006,0.19012981438463208,0.199657798954292,0.2091587729225341,0.2186287503971618,0.22806384832227175,0.237460285976222,0.24681438453299098,0.25612256663517424,0.2653813559344551,0.2745873765625783,0.2837373525026972,0.2928281068373634,0.3018565608554009,0.3108197330053944,0.3197147376885616,0.32853878388836766,0.3372891736383599,0.34596330033342393,0.3545586468929458,0.36307278378729907,0.3715033669416242,0.37984813553314667,0.3881049097001741,0.3962715881826472,0.4043461459155503,0.41232663159770916,0.4202111652596,0.427997935854646,0.4356851988992774,0.4432712741876367,0.450754543607345,0.45813344908318615,0.4654064906758796,0.47257222486337225,0.47962926303222464,0.4865762702067159,0.4934119640432329,0.5001351141173151,0.5067445415303847,0.5132391188626722,0.519617770498118,0.5258794733460668,0.532023257983295,0.5380482102383453,0.5439534732381702,0.5497382499346904,0.5554018061260108,0.5609434739836341,0.5663626560930234,0.5716588300102423,0.5768315533321207,0.581880469271375,0.586805312721373,0.591605916787739,0.5962822197557488,0.6008342724535,0.6052622459611985,0.6095664396066496,0.6137472891763053,0.6178053752601097,0.6217414316370864,0.6255563535973518,0.6292512060852377,0.6328272315377652,0.636285857283157,0.6396287023557343,0.6428575835768109,0.6459745207464359,0.648981740788458,0.6518816806917418,0.6546769890938315,0.6573705263602257,0.6599653630229471,0.662464776456436,0.6648722456870257,0.6671914442543442,0.669426231068733,0.6715806392379119,0.6736588628681618,0.6756652418796848,0.6776042449118054,0.6794804504304652,0.6812985261870991,0.6830632072134727,0.684779272570389,0.6864515210982846,0.6880847464436955,0.6896837116564685,0.6912531236676557,0.6927976079667337,0.6943216837986241,0.6958297401959116,0.6973260131495873,0.6988145642029687,0.7002992607285805,0.7017837581175058,0.7032714840758298,0.704765625184384,0.7062691158371105,0.7077846296311815,0.7093145732396909,0.7108610827563651
-0.845765811757446,-0.8442768035900554,-0.8427796412554879,-0.8412742914207804,-0.8397607198636518,-0.8382388914619838,-0.8367087701830463,-0.8351703190724659,-0.8336235002429323,-0.83206827486264,-0.8305046031434535,-0.8289324443287998,-0.8273517566812763,-0.8257624974699712,-0.8241646229574916,-0.8225580883866932,-0.8209428479671025,-0.8193188548610328,-0.8176860611693804,-0.8160444179170985,-0.8143938750383435,-0.8127343813612843,-0.8110658845925678,-0.8093883313014384,-0.8077016669034975,-0.8060058356441019,-0.80430078058139,-0.8025864435689288,-0.8008627652379756,-0.7991296849793453,-0.7973871409248731,-0.7956350699284692,-0.7938734075467508,-0.7921020880192483,-0.7903210442481726,-0.7885302077777359,-0.786729508773017,-0.7849188759983606,-0.783098236795301,-0.7812675170599981,-0.7794266412201816,-0.7775755322115818,-0.775714111453849,-0.7738422988259398,-0.7719600126409635,-0.7700671696204766,-0.7681636848682143,-0.766249471843243,-0.7643244423325254,-0.7623885064228823,-0.76044157247234,-0.7584835470808493,-0.7565143350603605,-0.7545338394042413,-0.7525419612560265,-0.7505385998774775,-0.7485236526159441,-0.7464970148710056,-0.7444585800603838,-0.7424082395851023,-0.7403458827938838,-0.7382713969467631,-0.7361846671778998,-0.7340855764575739,-0.7319740055533459,-0.7298498329903604,-0.7277129350107775,-0.7255631855323115,-0.7234004561058548,-0.7212246158721712,-0.7190355315176328,-0.7168330672289822,-0.7146170846471,-0.7123874428197511,-0.7101439981532899,-0.7078866043633025,-0.7056151124241603,-0.7033293705174595,-0.7010292239793293,-0.6987145152465735,-0.6963850838016289,-0.6940407661163105,-0.6916813955943169,-0.6893068025124703,-0.6869168139606644,-0.6845112537804903,-0.6820899425025135,-0.6796526972821724,-0.6771993318342705,-0.6747296563660303,-0.6722434775086814,-0.6697405982475483,-0.6672208178506123,-0.6646839317955108,-0.662129731694943,-0.6595580052204549,-0.6569685360245617,-0.6543611036611838,-0.6517354835043558,-0.6490914466651793,-0.646428759906984,-0.6437471855586623,-0.6410464814261432,-0.6383264007019728,-0.6355866918729631,-0.6328270986258782,-0.6300473597511201,-0.6272472090443826,-0.6244263752062331,-0.6215845817395957,-0.618721546845096,-0.6158369833142334,-0.6129305984203535,-0.6100020938073791,-0.6070511653762789,-0.6040775031692309,-0.6010807912514594,-0.5980607075907123,-0.5950169239343509,-0.5919491056840303,-0.5888569117679354,-0.5857399945105625,-0.5825979995000163,-0.5794305654528068,-0.5762373240761313,-0.5730178999276249,-0.5697719102725743,-0.5664989649385828,-0.5631986661676869,-0.5598706084659274,-0.5565143784503765,-0.5531295546936352,-0.5497157075658163,-0.5462723990740367,-0.5427991826994458,-0.5392956032318286,-0.535761196601826,-0.5321954897108255,-0.5285980002585848,-0.5249682365686571,-0.5213056974117041,-0.5176098718267893,-0.513880238940761,-0.5101162677858394,-0.5063174171155529,-0.5024831352191698,-0.49861285973479524,-0.4947060174613239,-0.49076202416945636,-0.4867802844120094,-0.482760191333776,-0.47870112648121466,-0.4746024596122755,-0.4704635485067019,-0.4662837387771782,-0.46206236368172254,-0.457798743937774,-0.4534921875384504,-0.4491419895715029,-0.44474743204153666,-0.44030778369612233,-0.43582229985646576,-0.4312902222533757,-0.4267107788693152,-0.42208318378740317,-0.41740663704829045,-0.41268032451592435,-0.40790341775328515,-0.40307507390927805,-0.39819443561804635,-0.39326063091208147,-0.38827277315061387,-0.38322996096487744,-0.3781312782219725,-0.3729757940091801,-0.36776256264073104,-0.36249062368917173,-0.35715900204364837,-0.3517667079975915,-0.34631273736848084,-0.34079607165256215,-0.33521567821760306,-0.3295705105370028,-0.3238595084688149,-0.3180815985834958,-0.3122356945444749,-0.3063206975459222,-0.3003354968124308,-0.29427897016562266,-0.28814998466308567,-0.28194739731538226,-0.2756700558873135,-0.269316799790003,-0.26288646107086255,-0.2563778655089192,-0.24978983382354902,-0.2431211830051533,-0.23637072777688192,-0.22953728219713587,-0.22261966141314238,-0.2156166835766195
0.770227836476417,0.7729294867242527,0.7755167591069171,0.7779897291545488,0.7803485127208055,0.782593268989743,0.7847242028694513,0.7867415666429572,0.7886456607401203,0.7904368334891888,0.7921154797038863,0.793682037961793,0.7951369864329676,0.796480837124652,0.7977141284190471,0.7988374157969002,0.7998512606603732,0.8007562171945208,0.801552817237792,0.8022415531681052,0.8028228588519472,0.8032970887489957,0.803664495313223,0.803925204882238,0.8040791922985505,0.804126254558051,0.8040659838307179,0.8038977402447615,0.8036206248663819,0.803233453341516,0.8027347306918811,0.802122627774132,0.8013949599171455,0.8005491682478275,0.7995823042003477,0.7984910176777645,0.7972715492994112,0.7959197271234829,0.7944309681835908,0.7928002851225416,0.7910222981483137,0.7890912524782373,0.7870010413797767,0.7847452348618579,0.7823171140208891,0.7797097110015803,0.776915854494966,0.7739282206647897,0.7707393893681722,0.7673419055163552,0.763728345404949,0.7598913878288387,0.7558238897828742,0.7515189665337276,0.7469700758290853,0.7421711059860623,0.7371164675704124,0.7318011883412843,0.7262210110933971,0.7203724939808902,0.714253112857103,0.707861365115509,0.7011968744732465,0.6942604961051287,0.6870544215179847,0.6795822825577493,0.6718492539690877,0.6638621539818067,0.655629542479439,0.6471618164087233,0.6384713022049154,0.6295723451216914,0.6204813954443974,0.6112170916037644,0.6018003401609829,0.59225439246779,0.5826049174801317,0.5728800696880944,0.5631105503940574,0.5533296596162889,0.5435733347283427,0.5338801706040718,0.524291414593357,0.5148509282073125,0.5056051060784399,0.49660274174277125,0.48789482924709854,0.47953428969855616,0.4715756128156871,0.46407440544430234,0.45708684194515986,0.45066901534224574,0.4448761930425468,0.4397619865962824,0.43537745104916853,0.4317701355388095,0.4289831124295947,0.4270540169574442,0.42601413257814846,0.42588755856424193,0.426690495584072,0.42843068190198036,0.4311070075373696,0.4347093264945728,0.4392184784924272,0.4446065220934825,0.45083717145152585,0.4578664197665211,0.4656433245998916,0.4741109239761273,0.4832072480233071,0.49286638893517415,0.5030195922274846,0.5135963343981331,0.5245253558397776,0.5357356227690604,0.5471571975698962,0.55872200285561,0.5703644703422638,0.5820220709747925,0.5936357274275148,0.60515011396904,0.6165138516783333,0.6276796091318544,0.6386041200122355,0.649248129713745,0.6595762830558262,0.6695569647878218,0.6791621037968281,0.6883669509275775,0.697149839184741,0.7054919338935736,0.7133769792068925,0.7207910462112809,0.7277222868351254,0.7341606968154033,0.7400978901490706,0.7455268867408246,0.7504419143588074,0.754838225516436,0.7587119295026861,0.7620598394740639,0.7648793342882207,0.7671682345906783,0.7689246925523032,0.7701470945864627,0.7708339763428949,0.770983949272845,0.7705956380805852,0.7696676284147961,0.768198424204868,0.7661864141083682,0.7636298466036819,0.7605268133337827,0.7568752403812053,0.7526728872290803,0.7479173532372442,0.7426060915348542,0.7367364303007864,0.7303056014694319,0.7233107769616126,0.7157491125972788,0.7076177998975525,0.6989141260274774,0.6896355421663158,0.6797797406179904,0.6693447409887487,0.6583289857603226,0.6467314455728832,0.6345517345003227,0.6217902355484168,0.6084482365313039,0.5945280763803916,0.5800333018092653,0.564968834095125,0.549341145538835,0.5331584449289338,0.5164308710578521,0.4991706930194456,0.4813925156555203,0.46311348811612224,0.4443535130568692,0.425135453521494,0.405485334056556,0.3854325320888288,0.3650099550780533,0.34425419845650157,0.32320567890371993,0.30190873710499766,0.2804117038349039,0.2587669230235841,0.23703072543749548,0.2152633467711266,0.19352878433485113,0.17189458716452624,0.15043157529381523,0.12921348513305228,0.10831653939069756,0.08781894174164917,0.06780029846056328,0.0483409714502312
-0.672993947864772,-0.6929662524032585,-0.7118032613507275,-0.7295427652817452,-0.7462234687143766,-0.7618846087843705,-0.7765656237317788,-0.7903058674317412,-0.8031443660822903,-0.8151196131545504,-0.8262693987891049,-0.8366306699644764,-0.8462394179509726,-0.8551305897800832,-0.8633380206936068,-0.8708943847776273,-0.8778311612263816,-0.8841786139138705,-0.8899657821720109,-0.8952204808797891,-0.8999693081555117,-0.9042376591119442,-0.9080497442802475,-0.9114286114318468,-0.9143961696264826,-0.916973214388607,-0.9191794529621657,-0.9210335286153966,-0.9225530429642081,-0.9237545752599887,-0.9246536975582118,-0.9252649846755924,-0.9256020179122972,-0.925677381772397,-0.9255026535710043,-0.9250883872629742,-0.9244440957820496,-0.9235782419147747,-0.9224982584328313,-0.9212106373856506,-0.9197211611418419,-0.9180353993256148,-0.9161596662573102,-0.9141027005604638,-0.9118783091479604,-0.9095089112284314,-0.9070290100730712,-0.9044860067531555,-0.9019344810092249,-0.899421933980737,-0.896970948604273,-0.8945695766252516,-0.8921781907363191,-0.889747802517584,-0.8872370398271491,-0.88461993134753,-0.8818853716577707,-0.8790328287895771,-0.8760678249181015,-0.8729986175433617,-0.8698341932416485,-0.8665832260794997,-0.8632536265677416,-0.8598524107828529,-0.8563857245912934,-0.8528589320182537,-0.8492767216099539,-0.8456432094555776,-0.8419620304171067,-0.8382364153891706,-0.8344692552133688,-0.8306631529340562,-0.8268204663206803,-0.82294334246207,-0.8190337459893353,-0.815093482212412,-0.811124216205581,-0.8071274886647039,-0.8031047291851456,-0.7990572674705463,-0.7949863428732421,-0.7908931125815829,-0.78677865870275,-0.7826439944378105,-0.7784900695053706,-0.7743177749386925,-0.7701279473565141,-0.7659213727884918,-0.7616987901209642,-0.757460894216701,-0.7532083387527461,-0.7489417388128204,-0.7446616732646423,-0.7403686869475833,-0.736063292692077,-0.7317459731889506,-0.7274171827241761,-0.7230773487923443,-0.7187268736003506,-0.7143661354712626,-0.709995490157086,-0.705615272068059,-0.7012257954252292,-0.6968273553422714,-0.6924202288418747,-0.6880046758114347,-0.6835809399023196,-0.679149249376535,-0.6747098179042472,-0.6702628453152951,-0.6658085183075244,-0.6613470111145233,-0.6568784861351039,-0.6524030945266616,-0.6479209767643592,-0.6434322631679072,-0.6389370743975465,-0.6344355219207063,-0.6299277084506566,-0.6254137283583638,-0.6208936680586158,-0.6163676063713931,-0.6118356148593309,-0.6072977581420226,-0.6027540941878027,-0.598204674583554,-0.5936495447829756,-0.5890887443336451,-0.5845223070831089,-0.5799502613641273,-0.5753726301590885,-0.5707894312434943,-0.5662006773083007,-0.5616063760607638,-0.5570065303033132,-0.5524011379898206,-0.5477901922584765,-0.543173681440311,-0.5385515890422076,-0.5339238937030442,-0.5292905691213616,-0.5246515839527056,-0.5200069016744893,-0.5153564804158983,-0.5107002727499982,-0.5060382254447792,-0.5013702791694069,-0.49669636815140905,-0.4920164197799234,-0.4873303541494257,-0.482638083537564,-0.47793951180981525,-0.4732345337426142,-0.46852303425540665,-0.46380488754067306,-0.45907995607934643,-0.45434808952718836,-0.44960912345549736,-0.4448628779270047,-0.4401091558848626,-0.43534774132920706,-0.430578397251755,-0.42580086329422,-0.42101485309083697,-0.41622005124886,-0.41141610991335403,-0.40660264485376735,-0.40177923099939106,-0.3969453973386626,-0.39210062108302757,-0.3872443209794464,-0.38237584963625637,-0.37749448470463937,-0.3725994187320846,-0.36768974747475874,-0.362764456422558,-0.35782240525416437,-0.3528623099006213,-0.3478827218568111,-0.3428820043445658,-0.3378583049056438,-0.33280952399873415,-0.3277332792106678,-0.32262686479839203,-0.3174872065037163,-0.3123108120048612,-0.3070937181099592,-0.30183143705007554,-0.2965189062918666,-0.29115044962272013,-0.2857197625609242,-0.28021994344259105,-0.2746436043110891,-0.2689831149688068,-0.2632310616262218,-0.25738104065249023,-0.25142895807882976,-0.24537506035035037,-0.23922695944824132,-0.23300388254010157,-0.2267421666556738
0.825572604296859,0.8254443211301568,0.8251598947887749,0.8247135427633422,0.8240992656732327,0.8233108453491004,0.8223418437803305,0.821185603046337,0.8198352463607412,0.8182836803685731,0.8165235988489933,0.8145474879900119,0.8123476334176702,0.8099161291806998,0.8072448889134243,0.8043256594253477,0.8011500369963683,0.7977094866928669,0.7939953650630902,0.7899989466214866,0.7857114545921102,0.7811240964520532,0.7762281048981259,0.7710147849544597,0.7654755680457206,0.75960207398002,0.7533861819162824,0.7468201115306622,0.7398965157419082,0.732608586500927,0.7249501752874247,0.7169159300759572,0.7085014506213749,0.6997034639521706,0.6905200219284061,0.6809507225930514,0.6709969567919084,0.6606621811238149,0.6499522176723511,0.6388755801236805,0.6274438247536372,0.6156719233355267,0.6035786532512593,0.5911869979692171,0.5785245485909545,0.5656238944034429,0.55252298738158,0.5392654624931154,0.5259008926480333,0.512484954451623,0.499079478871352,0.4857523598716752,0.47257729440138746,0.45963332923032635,0.44700419437795197,0.4347774095063231,0.4230431587491177,0.4118929408708328,0.40141801496709395,0.391707676388443,0.38284741215726686,0.37491699857355093,0.3679886145681019,0.3621250512946368,0.35737810030994377,0.3537871987388996,0.35137839988503966,0.35016372230040377,0.3501409104818366,0.3512936177573851,0.3535919985449343,0.35699367507023544,0.3614450247085879,0.3668827198391569,0.37323544337842324,0.380425700257947,0.38837164769270105,0.39698887431421626,0.4061920689486946,0.41589653268357607,0.42601950158548557,0.4364812608615655,0.4472060434923099,0.4581227167884852,0.4691652686003039,0.48027311094418257,0.4913912227167344,0.5024701551784957,0.5134659243313486,0.5243398135337245,0.5350581080391775,0.5455917809166458,0.5559161472771155,0.5660105011006301,0.5758577463861425,0.5854440319432389,0.5947583969773984,0.6037924327243918,0.6125399637753837,0.6209967513949733,0.629160220050999,0.637029207521509,0.6446037382918028,0.6518848194730913,0.6588742581354763,0.665574498725349,0.6719884791074192,0.6781195037142014,0.6839711322836006,0.6895470827040977,0.694851146555243,0.6998871160195734,0.7046587209433557,0.7091695749322787,0.7134231294801925,0.7174226352412796,0.7211711096665785,0.7246713103331908,0.7279257133980387,0.7309364967072729,0.7337055271873049,0.7362343522339939,0.738524194903064,0.740575952787504,0.7423902005468023,0.74396719612852,0.7453068907948924,0.7464089431356923,0.747272737313059,0.7478974058436398,0.7482818572771113,0.7484248091764606,0.7483248268423012,0.7479803682485193,0.7473898356666628,0.7465516344480869,0.7454642394018596,0.7441262691481397,0.7425365687361968,0.7406943006881787,0.7385990444590093,0.7362509040846127,0.733650623521125,0.7307997088544277,0.727700556181948,0.724356583539878,0.720772364775278,0.7169537627550964,0.7129080587795471,0.7086440745481127,0.704172282541511,0.6995049002669834,0.6946559635069758,0.6896413735557008,0.6844789134678345,0.6791882286195151,0.6737907674276715,0.668309678911339,0.6627696649134065,0.6571967862174704,0.6516182234524875,0.6460619955126927,0.6405566401426418,0.635130863238028,0.6298131651698222,0.6246314539263828,0.6196126559673403,0.6147823362955342,0.6101643393109624,0.6057804614842659,0.6016501657914248,0.5977903462448275,0.5942151488372112,0.5909358529136022,0.5879608145505971,0.585295471105516,0.5829424038448209,0.5809014535956193,0.579169882779998,0.5777425760480221,0.5766122710435972,0.5757698106059731,0.5752044078875789,0.5749039163937525,0.5748550977459472,0.5750438809559131,0.5754556080944959,0.5760752623724367,0.5768876757602809,0.5778777143115473,0.5790304402827737,0.580331250943995,0.5817659946333601,0.583321065129214,0.5849834757988037,0.5867409152466804,0.5885817863431442,0.5904952305804021,0.592471139698558,0.5945001564613902,0.5965736663579273
0.593829538036097,0.6044720257667562,0.6149741020569152,0.6253216658958124,0.6354992017097614,0.6454896710520119,0.6552743969483832,0.6648329407787786,0.674142971672503,0.6831801285215803,0.6919178748768026,0.7003273471926389,0.7083771971369105,0.7160334289877466,0.7232592335131083,0.7300148201773952,0.7362572500560596,0.7419402724741413,0.7470141691293375,0.7514256103250895,0.7551175289331391,0.7580290188339385,0.7600952658486033,0.7612475205725258,0.7614131240335028,0.760515598699111,0.7584748190050229,0.7552072772036558,0.7506264618502659,0.7446433675311337,0.7371671553400037,0.7281059839315275,0.7173680304915647,0.7048627193955989,0.6905021733808053,0.6742028974233377,0.6558876988884268,0.6354878386481345,0.6129453965693874,0.5882158210362284,0.5612706161636452,0.5321001025370641,0.5007161684519553,0.4671549098817806,0.43147904029350126,0.39377993780854703,0.35417918914208574,0.31282948934591176,0.26991476551268734,0.22564941263232283,0.180276561245206,0.1340653388126522,0.08730713792222741,0.04031096134307586,-0.006602027819640025,-0.053104568161847165,-0.09886974609831566,-0.14357756638331454,-0.18692137321909463,-0.22861385329143225,-0.2683923763353959,-0.30602346996999685,-0.34130627955182585,-0.3740749254875099,-0.40419973411918364,-0.43158737849853424,-0.4561800175032152,-0.4779535625461342,-0.496915228818198,-0.5131005423147977,-0.5265699758211914,-0.5374053785047291,-0.5457063472618535,-0.5515866661573429,-0.5551709157105338,-0.556591328626363,-0.5559849445730011,-0.5534910950038959,-0.5492492305589783,-0.5433970885924428,-0.5360691868676871,-0.5273956212040714,-0.5175011394743405,-0.5065044613793044,-0.4945178123905842,-0.4816466406943649,-0.4679894874785146,-0.45363798312720105,-0.43867694453341294,-0.42318455158165985,-0.40723258372059845,-0.3908867003151691,-0.3742067510594632,-0.3572471050941759,-0.3400569895824814,-0.3226808303483768,-0.30515858877869195,-0.28752609054848655,-0.26981534287014747,-0.25205483791095074,-0.234269840796307,-0.21648266123860838,-0.19871290832679295,-0.1809777283986991,-0.16329202621524497,-0.14566866987779833,-0.12811868009162375,-0.11065140449062605,-0.09327467781170688,-0.07599496874901175,-0.05881751433662717,-0.041746442707731944,-0.024784885064403888,-0.007935077668235752,0.008801545368903287,0.025424267750019696,0.041933014408063934,0.058328282004089675,0.07461107588078655,0.09078285288186114,0.10684546948456473,0.1228011347271267,0.1386523674453118,0.1544019573617407,0.17005292959834298,0.185608512205914,0.20107210632518338,0.21644725861089367,0.23173763556405708,0.2469469994276052,0.2620791853069607,0.2771380791793577,0.2921275964538259,0.3070516607372534,0.32191418245051184,0.3367190369217349,0.35147004156094747,0.3661709316906036,0.38082533456942735,0.3954367411011559,0.4100084746643269,0.42454365643250813,0.43904516647491343,0.45351559983300965,0.46795721665731727,0.48237188535741077,0.49676101756395685,0.5111254935208385,0.5254655763136696,0.5397808130934779,0.554069921165157,0.5683306564730689,0.5825596616234833,0.5967522901269295,0.6109024030138744,0.6250021333642436,0.6390416135843283,0.6530086594526622,0.6668884040285282,0.6806628734635907,0.6943104955720528,0.7078055306964861,0.7211174129622983,0.7342099884650937,0.7470406353241935,0.7595592489363009,0.7717070742958889,0.7834153660999716,0.7946038568052045,0.8051790132669513,0.8150320646558313,0.8240367888541648,0.8320470526426901,0.8388941142739456,0.8443837175916324,0.848293037414435,0.8503675798673344,0.8503182027940038,0.8478185048787598,0.842502942169141,0.8339661707601412,0.8217642849629806,0.8054188158299159,0.7844245594444269,0.7582624854123767,0.7264190775740174,0.6884133958062031,0.6438328042502468,0.5923775519187616,0.5339130918888584,0.46852713028692744,0.3965860071217754,0.31878247985210173,0.23616496683004284,0.1501377229476884,0.06242319304983474,-0.025017547587137336,-0.11010312964500396,-0.19077751389981487,-0.26516424487549634,-0.3317070921324096
-0.217051348986523,-0.21211860887830383,-0.2071839234672236,-0.20224743749163326,-0.19730929021629062,-0.19236961541447628,-0.18742854134997866,-0.18248619075890352,-0.17754268083125402,-0.1725981231922377,-0.1676526238832543,-0.16270628334252707,-0.1577591963853398,-0.1528114521838494,-0.1478631342464528,-0.1429143203966892,-0.1379650827516738,-0.13301548770006852,-0.12806559587960906,-0.1231154621542249,-0.11816513559081161,-0.11321465943573673,-0.10826407109119093,-0.10331340209153618,-0.09836267807983881,-0.0934119187848377,-0.08846113799865216,-0.08351034355561712,-0.07855953731272165,-0.07360871513224257,-0.06865786686729532,-0.06370697635118949,-0.05875602139167521,-0.053804973771396675,-0.04885379925616495,-0.04390245761299832,-0.03895090264029855,-0.033999082213030524,-0.029046938346368307,-0.024094407281987737,-0.01914141960203669,-0.014187900376815226,-0.00923376935338709,-0.004278941193702941,0.0006766742276046509,0.005633171453847482,0.010590648991497836,0.015549208754177368,0.020508955387673885,0.025469995456646754,0.0304324364728292,0.035396385745091824,0.04036194903470374,0.04532922900599923,0.050298323475566085,0.05526932348498167,0.06024231125693296,0.06521735814719845,0.070194522781027,0.07517384966734052,0.08015536872115274,0.08513909629120217,0.0901250384719067,0.0951131976425414,0.10010358325890446,0.1050962278248457,0.11009120856264944,0.11508867444911239,0.12008887691663339,0.12509220072844304,0.13009918969021134,0.13511056063424998,0.14012719935713372,0.14515013455462591,0.15018049022203941,0.155219422392511,0.16026805058838195,0.16532739611158262,0.17039833748766325,0.1754815887287736,0.18057770045041424,0.18568707924818065,0.1908100183078684,0.19594673208350652,0.20109738933694588,0.2062621409457396,0.21144114089241933,0.21663456034060274,0.22184259558924982,0.22706547107185937,0.23230343859612063,0.23755677385640422,0.24282577101064812,0.24811073586435653,0.25341197798218956,0.2587298018634823,0.26406449717059033,0.26941632788076525,0.27478552013396257,0.2801722484612736,0.285576619993113,0.2909986561553094,0.2964382712578655,0.30189524725860145,0.30736920383501637,0.3128595627146211,0.31836550498737826,0.32388591984262993,0.3294193428232836,0.3349638812552439,0.3405171239693422,0.34607603176077784,0.3516368041962434,0.3571947173440594,0.36274392572378844,0.36827722019869985,0.37378573161295103,0.3792585676522831,0.38468236764112235,0.3900407567708739,0.3953136776429844,0.40047657319705543,0.4054993915099007,0.41034538044577196,0.4149696402696096,0.419317407827768,0.423322061334737,0.4269028676130924,0.429962555413594,0.43238490640517796,0.4340327333388412,0.4347468918111838,0.4343473751701757,0.4326380768837582,0.4294174121218832,0.42449747165614177,0.41773429688764413,0.409070466606381,0.39858754579088895,0.3865595515078516,0.37349056319844826,0.3601139997374906,0.3473344469560694,0.3361099768425645,0.3272996675661576,0.321522574370953,0.31907427140072914,0.3199226981802247,0.3237719275060726,0.3301608224947564,0.338561878219289,0.3484578831521693,0.3593892062201529,0.37097507844595695,0.38291662333390125,0.3949894279186595,0.4070315476218779,0.41893064470418956,0.43061220845976783,0.44202965060060506,0.4531564119825135,0.4639798973057977,0.4744969352521786,0.4847104476190143,0.49462704462336116,0.5042553130189847,0.5136046134332812,0.5226842468629533,0.5315028857034918,0.540068192326959,0.5483865691994262,0.5564630001626235,0.5643009540122823,0.5719023299063842,0.5792674302360018,0.586394951006303,0.5932819829678612,0.5999240190499199,0.6063149653274524,0.6124471539840101,0.6183113576434516,0.623896805129835,0.6291911992432025,0.6341807375572618,0.6388501375860595,0.6431826679529488,0.6471601874404691,0.6507631940119121,0.653970886076937,0.656761238422839,0.6591110953447807,0.6609962835738082,0.6623917476095914,0.6632717100017851,0.6636098589741499,0.6633795655322221,0.6625541318211811,0.6611070719890249,0.6590124261467429,0.656245107191073,0.6527812792614871
-0.0162307663219795,-0.011167662107454153,-0.006113331344794657,-0.0010678963244713851,0.003968524734789222,0.008995817624727651,0.014013872082418267,0.019022581720991184,0.02402184395590851,0.029011559926458683,0.033991634412110165,0.03896197574332699,0.04392249570642416,0.0488731094419981,0.05381373533642946,0.058744294905916934,0.06366471267245187,0.06857491603109521,0.07347483510786586,0.07836440260749533,0.08324355365023525,0.08811222559684513,0.09297035786081391,0.09781789170678863,0.10265477003410711,0.10748093714423308,0.11229633849080513,0.11710092041089816,0.12189462983598968,0.1266774139809991,0.1314492200096367,0.13620999467416445,0.1409596839275086,0.14569823250551342,0.15042558347693813,0.15514167775861867,0.15984645359300814,0.16453984598509094,0.16922178609543273,0.17389220058587418,0.17855101091410197,0.18319813257304984,0.18783347427075175,0.19245693704595535,0.19706841331442604,0.2016677858405042,0.2062549266280539,0.2108296957245147,0.21539193993129055,0.21994149141322103,0.224478166199342,0.2290017625665862,0.2335120592974723,0.23800881380220568,0.24249176009493953,0.24696060661324898,0.25141503386913316,0.2558546919190793,0.2602791976399297,0.2646881317964489,0.26908103588561805,0.27345740874180585,0.2778167028860454,0.2821583206017367,0.2864816097181577,0.29078585908227,0.29507029369839133,0.29933406951447017,0.3035762678328908,0.30779588932302937,0.3119918476121824,0.31616296243103525,0.3203079522895802,0.32442542665936946,0.3285138776382635,0.332571671074473,0.3365970371277777,0.34058806024742044,0.3445426685484379,0.34845862257120935,0.3523335034129362,0.35616470022476,0.35994939707446477,0.3636845591824138,0.3673669185477533,0.3709929589932555,0.37455890067075553,0.37806068408526616,0.3814939537149217,0.38485404132623885,0.38813594911022475,0.3913343327950479,0.394443484925714,0.3974573185409602,0.40036935152278363,0.4031726919450806,0.40586002480513356,0.4084236005853722,0.41085522616308856,0.41314625866249033,0.415287602926307,0.41726971337240326,0.4190826010933976,0.4207158471524306,0.42215862312362856,0.4233997200183143,0.424427586823499,0.4252303799524609,0.4257960249618499,0.42611229191800626,0.4261668857879382,0.42594755317715716,0.4254422066256284,0.42463906749173536,0.4235268281891404,0.4220948341796745,0.42033328565482425,0.4182334582492485,0.4157879414160442,0.4129908922547134,0.40983830162604235,0.4063282683300433,0.40246127599189413,0.39824046613782205,0.393671899803541,0.388764798971566,0.383531758262434,0.37798891669961066,0.37215607912379606,0.36605677704126227,0.35971825943231306,0.353171405377078,0.3464505523007473,0.33959323618077486,0.3326398431267998,0.3256331752198883,0.3186179372106553,0.3116401544134045,0.3047465356552639,0.2979837981968653,0.29139797390042355,0.28503371738641015,0.2789336373553042,0.2731376715959658,0.2676825244811468,0.2626011830714684,0.2579225244936922,0.253671023265254,0.2498665629753363,0.2465243524803587,0.243654942787288,0.2412643373002269,0.23935418525788055,0.2379220460918015,0.23696171112385137,0.23646356847339767,0.23641499718948072,0.23680077735433822,0.23760350409518813,0.23880399495612545,0.24038168179047897,0.2423149801175149,0.24458163064601812,0.2471590093224743,0.2500244037568757,0.25315525517887344,0.2565293661637696,0.26012507523924144,0.2639214001489205,0.26789815202529155,0.27203602303410285,0.27631665022053986,0.2807226583391466,0.28523768440918834,0.2898463866273258,0.294534440109697,0.29928852174289056,0.3040962862115132,0.3089463350505685,0.31382818035209126,0.3187322045439808,0.3236496174592253,0.32857241172864804,0.3334933173617132,0.3384057562284412,0.34330379702116925,0.34818211115717296,0.35303592998106686,0.3578610035384366,0.3626535611177865,0.36741027369557094,0.3721282183672109,0.3768048448045099,0.38143794374543466,0.38602561749478204,0.39056625239273934,0.39505849319189085,0.399501219271039,0.40389352260547584,0.40823468740763735,0.4125241713486261
-0.262312353482311,-0.25835658541133466,-0.2543938991572818,-0.250424422411008,-0.2464482825277059,-0.24246560648516527,-0.23847652083893023,-0.23448115167416467,-0.23047962455401672,-0.22647206446427276,-0.222458595754084,-0.21843934207254437,-0.2144144263008897,-0.21038397048008417,-0.20634809573356025,-0.2023069221848648,-0.1982605688699703,-0.1942091536440026,-0.19015279308213703,-0.18609160237441294,-0.1820256952142205,-0.17795518368021357,-0.17388017811140474,-0.16980078697521028,-0.16571711672821055,-0.1616292716694108,-0.15753735378578956,-0.15344146258994065,-0.14934169494963062,-0.14523814490910786,-0.14113090350202745,-0.13702005855587296,-0.1329056944877922,-0.12878789209178612,-0.1246667283172318,-0.12054227603875423,-0.11641460381750432,-0.112283775653947,-0.10814985073231291,-0.10401288315691914,-0.09987292168062592,-0.09573000942575155,-0.09158418359784473,-0.08743547519277035,-0.08328390869765083,-0.07912950178627397,-0.07497226500966539,-0.07081220148260571,-0.06664930656696018,-0.06248356755277964,-0.0583149633382228,-0.05414346410944484,-0.04996903102169079,-0.04579161588292611,-0.0416111608414342,-0.03742759807890002,-0.033240849510589414,-0.02905082649432483,-0.024857429550034574,-0.02066054809173209,-0.01646006017385517,-0.01225583225395031,-0.008047718973746147,-0.0038355629606973618,0.0003808053478844143,0.004601567855984564,0.008826918933186743,0.013057065510002514,0.017292227142134953,0.021532636041629215,0.02577853707292934,0.03003018771194156,0.03428785796630943,0.03855183025522701,0.042822399247261535,0.047099871654814586,0.051384565984038594,0.05567681223921812,0.05997695158084862,0.06428533593687544,0.06860232756680437,0.07292829857865765,0.07726363039901663,0.08160871319667652,0.08596394526071792,0.09032973233409133,0.09470648690409407,0.09909462745140234,0.10349457765959474,0.1079067655873713,0.11233162280591565,0.11676958350408406,0.12122108356431523,0.12568655961233796,0.13016644804391977,0.1346611840320162,0.13917120051779236,0.14369692718903512,0.1482387894495133,0.15279720738281777,0.157372594714176,0.16196535777363835,0.16657589446390678,0.17120459323591697,0.17585183207507432,0.18051797750081827,0.185203383581905,0.1899083909695154,0.19463332594995067,0.19937849951833536,0.2041442064743631,0.20893072454074343,0.2137383135045813,0.21856721438151985,0.22341764860204527,0.2282898172189251,0.2331839001343349,0.23810005534478887,0.2430384182015965,0.247999100684142,0.25298219068292016,0.2579877512888525,0.2630158200850827,0.2680664084370994,0.2731395007767117,0.278235053875129,0.2833529961000993,0.28849322665184046,0.2936556147722542,0.2988399989217171,0.3040461859175726,0.3092739500282819,0.3145230320170623,0.31979313812872606,0.32508393901333893,0.3303950685802392,0.3357261227759031,0.34107665827909095,0.3464461911066911,0.35183419512365477,0.35724010045042554,0.36266329176126666,0.3681031064669291,0.37355883277513824,0.3790297076224238,0.38451491447089003,0.39001358096361494,0.39552477643244593,0.4010475092520997,0.4065807240346035,0.41212329865829,0.4176740411257385,0.4232316862453067,0.42879489213114363,0.4343622365168921,0.439932212878662,0.4455032263632515,0.45107358951810006,0.4566415178200034,0.4622051250002658,0.46776241816470404,0.47331129270776473,0.47884952702095857,0.48437477699694237,0.48988457033177735,0.49537630062933197,0.5008472213133377,0.5062944393544098,0.5117149088212983,0.5171054242678714,0.522462613969781,0.5277829330274958,0.533062656355412,0.5382978715800747,0.5434844718742062,0.548618148757236,0.5536943848974072,0.5587084469552747,0.5636553785135654,0.5685299931439145,0.5733268676669673,0.5780403356687057,0.5826644813426618,0.58719313373486,0.591619861475923,0.5959379680926883,0.6001404879999392,0.6042201832813388,0.6081695413773716,0.6119807738068724,0.6156458160575449,0.6191563287895313,0.6225037005045213,0.6256790518408243,0.6286732416621961,0.6314768751146176,0.6340803138305947,0.6364736884644685,0.6386469137444419,0.6405897062272148,0.6422916049388583
0.545432393563497,0.5506476871027719,0.5558214960723118,0.5609532263363146,0.5660422867314887,0.5710880891298202,0.5760900485120918,0.5810475830523176,0.5859601142131305,0.5908270668520095,0.5956478693380693,0.6004219536789307,0.6051487556569728,0.6098277149740245,0.6144582754032576,0.6190398849467457,0.6235719959967981,0.6280540654987883,0.632485555112784,0.6368659313708107,0.6411946658260768,0.6454712351899378,0.6496951214517793,0.6538658119763521,0.6579827995724088,0.662045582525747,0.6660536645889852,0.6700065549195698,0.6739037679566346,0.6777448232264249,0.6815292450650473,0.6852565622463227,0.6889263075015087,0.6925380169166239,0.6960912291920621,0.6995854847481356,0.7030203246591328,0.7063952893974473,0.7097099173683394,0.7129637432149069,0.716156295871951,0.7192870963465694,0.722355655202546,0.7253614697249512,0.7283040207408111,0.7311827690712807,0.7339971515904782,0.7367465768660068,0.7394304203562337,0.7420480191396044,0.744598666151675,0.747081603906126,0.7494960176767992,0.7518410281187559,0.7541156833075074,0.7563189501768774,0.7584497053374384,0.7605067252590805,0.7624886758030179,0.7643941010903754,0.7662214116964159,0.7679688721614278,0.7696345878112825,0.771216490882626,0.772712325949631,0.7741196346511019,0.7754357397185627,0.7766577283076979,0.7777824346372005,0.7788064219407209,0.7797259637392284,0.7805370244427767,0.7812352392924381,0.7818158936551989,0.7822739016869695,0.782603784381753,0.7827996470286211,0.7828551561027174,0.78276351562231,0.7825174430112902,0.7821091445158428,0.7815302902357153,0.7807719888451015,0.7798247620961761,0.7786785192203883,0.7773225313694702,0.7757454062704718,0.7739350633078885,0.7718787092920031,0.7695628152269587,0.7669730944558676,0.7640944826346499,0.7609111200724445,0.7574063370756571,0.7535626430461928,0.7493617202134815,0.7447844230255561,0.7398107843877497,0.7344200301191115,0.728590603196723,0.722300199576324,0.7155258176129082,0.7082438233549604,0.7004300342471209,0.6920598240428497,0.6831082519933825,0.6735502196314972,0.6633606586945242,0.6525147539129377,0.6409882045065289,0.6287575282522778,0.6158004118838233,0.6020961113134105,0.5876259046893338,0.5723736005662585,0.5563261024200566,0.5394740293292302,0.521812390820497,0.5033413115924081,0.48406679905773703,0.46400154337387833,0.4431657358835335,0.42158788772967865,0.3993056259570379,0.3763664398475302,0.352828345810588,0.32876043518616294,0.30424326621257863,0.27936905961326136,0.2542416572447347,0.2289762054927105,0.20369853001180374,0.17854417626174318,0.1536571011934399,0.12918801522357473,0.10529238984688791,0.08212816408900357,0.059853201409885655,0.038622566292740954,0.018585705118806913,-0.00011637243640949048,-0.01735380864145233,-0.033010406107382824,-0.046985831680093584,-0.05919743028445762,-0.06958158089107919,-0.0780945488028478,-0.0847128131090019,-0.08943287351302413,-0.09227056488052282,-0.0932599290464192,-0.09245171031183799,-0.08991155278121128,-0.0857179839008776,-0.07996026942923651,-0.07273622118668437,-0.06415003119810302,-0.05431019531972882,-0.043327577245772866,-0.03131365096041338,-0.018378947132335535,-0.004631717341266104,0.00982318013404795,0.024885177666623366,0.040458690067151123,0.05645361690434581,0.07278567461396487,0.08937657936958639,0.1061541022169872,0.1230520175664007,0.14000996503478152,0.15697324305097268,0.17389255076609167,0.1907236928010356,0.20742725933081235,0.223968292038484,0.24031594463034694,0.2564431449264052,0.27232626404670524,0.28794479691113334,0.3032810571547194,0.31831988862220506,0.33304839483024146,0.34745568715638375,0.36153265201334395,0.37527173687727516,0.38866675474349566,0.40171270636657463,0.4144056194904141,0.42674240417526277,0.4387207232723047,0.45033887707298725,0.46159570116232873,0.47249047652626935,0.48302285099777753,0.493192771170175,0.503000423955878,0.512446187021492,0.5215305873837345,0.5302542675035384,0.538617958266268
-0.9502347661358,-0.9499997918123697,-0.9496431961192983,-0.9491785801139834,-0.9486179856949661,-0.9479720864027155,-0.9472503532039276,-0.9464611987296152,-0.9456121029374901,-0.9447097227420345,-0.9437599877910868,-0.9427681842567727,-0.94173902824335,-0.940676730188316,-0.9395850514400715,-0.9384673540306675,-0.9373266445213592,-0.9361656126783375,-0.9349866656329839,-0.9337919580927356,-0.9325834190929514,-0.9313627757151681,-0.9301315741412424,-0.9288911983647752,-0.9276428868397428,-0.9263877473104725,-0.9251267700361768,-0.9238608395964919,-0.9225907454412856,-0.9213171913278725,-0.9200408037713056,-0.9187621396181987,-0.9174816928413012,-0.9161999006404843,-0.9149171489257256,-0.9136337772488446,-0.912350083243031,-0.9110663266224323,-0.909782732788134,-0.9084994960816404,-0.907216782722373,-0.9059347334616639,-0.904653465982149,-0.9033730770683248,-0.9020936445712432,-0.9008152291878623,-0.8995378760733913,-0.8982616163030316,-0.8969864681978006,-0.8957124385276086,-0.894439523603389,-0.8931677102688924,-0.8918969768016631,-0.8906272937317736,-0.8893586245860223,-0.8880909265645447,-0.8868241511560977,-0.8855582446976683,-0.8842931488835071,-0.8830288012281917,-0.8817651354878945,-0.8805020820436137,-0.8792395682497933,-0.877977518751412,-0.8767158557723563,-0.8754544993776119,-0.8741933677115852,-0.8729323772146567,-0.8716714428198606,-0.870410478131435,-0.8691493955868118,-0.8678881066034833,-0.8666265217120552,-0.865364550676671,-0.8641021026039015,-0.862839086041084,-0.8615754090650163,-0.860310979361833,-0.8590457042988175,-0.8577794909888347,-0.8565122463480204,-0.8552438771472977,-0.8539742900582514,-0.8527033916938414,-0.8514310886443941,-0.8501572875092819,-0.8488818949246558,-0.8476048175875752,-0.8463259622768412,-0.845045235870826,-0.8437625453625551,-0.8424777978722818,-0.8411909006577828,-0.8399017611225658,-0.8386102868221873,-0.837316385468841,-0.8360199649343817,-0.8347209332519252,-0.8334191986161589,-0.8321146693824811,-0.83080725406509,-0.8294968613341147,-0.8281834000118913,-0.8268667790684697,-0.8255469076164287,-0.8242236949050779,-0.8228970503141113,-0.8215668833467781,-0.8202331036226254,-0.8188956208698709,-0.8175543449174508,-0.8162091856867897,-0.8148600531833351,-0.8135068574878945,-0.8121495087478127,-0.8107879171680176,-0.8094219930019704,-0.808051646542547,-0.8066767881128727,-0.8052973280571422,-0.8039131767314394,-0.802524244494582,-0.8011304416990114,-0.7997316786817417,-0.7983278657553888,-0.796918913199293,-0.7955047312507485,-0.794085230096358,-0.7926603198635198,-0.7912299106120635,-0.7897939123260422,-0.7883522349056966,-0.7869047881595949,-0.7854514817969641,-0.7839922254202183,-0.7825269285176926,-0.7810555004565933,-0.7795778504761709,-0.7780938876811218,-0.7766035210352317,-0.7751066593552604,-0.7736032113050824,-0.7720930853900851,-0.7705761899518327,-0.769052433163004,-0.7675217230226101,-0.7659839673514961,-0.7644390737881357,-0.7628869497847272,-0.7613275026035909,-0.759760639313881,-0.7581862667886158,-0.7566042917020297,-0.7550146205272615,-0.7534171595343775,-0.7518118147887392,-0.7501984921497249,-0.7485770972698086,-0.7469475355940046,-0.7453097123596852,-0.7436635325967796,-0.7420089011283574,-0.7403457225716109,-0.7386739013392378,-0.7369933416412362,-0.7353039474871166,-0.733605622688542,-0.7318982708624039,-0.730181795434341,-0.7284560996427102,-0.7267210865430204,-0.7249766590128355,-0.7232227197571576,-0.7214591713143004,-0.7196859160622578,-0.7179028562255867,-0.7161098938828029,-0.7143069309743094,-0.7124938693108621,-0.7106706105825858,-0.7088370563685512,-0.7069931081469222,-0.7051386673056862,-0.7032736351539806,-0.7013979129340199,-0.6995114018336459,-0.6976140029995014,-0.6957056175508504,-0.6937861465940464,-0.6918554912376721,-0.6899135526083526,-0.6879602318672629,-0.685995430227337,-0.6840190489711991,-0.6820309894698191,-0.6800311532019148,-0.6780194417741122,-0.6759957569418749,-0.6739600006312194,-0.6719120749612284,-0.6698518822673745
0.693877922571983,0.6958586867093957,0.6976341495102297,0.699193379239745,0.7005249327041125,0.7016168647937597,0.7024567457597207,0.7030316876040825,0.7033283810959122,0.7033331450441446,0.7030319895607685,0.7024106951212954,0.7014549092627733,0.7001502627383961,0.6984825068557579,0.6964376735451413,0.6940022594158365,0.6911634346431285,0.687909276968154,0.6842290303720912,0.6801133870950312,0.6755547906060458,0.6705477559028927,0.6650892021496939,0.6591787911877477,0.652819263936312,0.6460167652146868,0.6387811461617403,0.6311262323183491,0.6230700446972074,0.6146349609209247,0.6058478038820272,0.5967398464638158,0.5873467227181316,0.5777082385328273,0.5678680781833766,0.557873407125662,0.5477743757579817,0.5376235334070539,0.527475166179937,0.5173845762578698,0.5074073233875883,0.49759845149260246,0.48801172429518624,0.47869889351782163,0.4697090216345977,0.46108787838838117,0.452877426590908,0.44511540836257185,0.43783503826834574,0.431064805094259,0.42482837958877867,0.41914462161817007,0.414027677039285,0.4094871522853234,0.40552835322227104,0.40215257423069806,0.3993574236103384,0.39713717216687033,0.3954831130748949,0.39438392266658256,0.3938260135281697,0.39379387306989067,0.3942703824653775,0.3952371124556203,0.3966745939269564,0.3985625623717529,0.400880176313416,0.40360621052853385,0.40671922544402656,0.4101977144493445,0.41402023107043195,0.4181654980321185,0.4226125002170507,0.4273405634383422,0.432329420802859,0.437559268272106,0.4430108108439615,0.4486653005933993,0.454504567633054,0.4605110448912151,0.46666778745951787,0.4729584871370523,0.4793674826921974,0.48587976627742113,0.49248098636394927,0.49915744751056557,0.505896107241481,0.5126845702798717,0.5195110803639813,0.5263645098595379,0.5332343473737168,0.5401106835704306,0.5469841953830141,0.5538461288173504,0.5606882805353811,0.5675029784052543,0.5742830611996631,0.5810218576181364,0.5877131648020242,0.594351226502821,0.6009307110553316,0.6074466892972651,0.6138946125663013,0.6202702908947438,0.626569871510795,0.6327898177444217,0.6389268884249657,0.6449781178472157,0.6509407963727664,0.6568124517242302,0.6625908310213633,0.6682738836004473,0.673859744651392,0.6793467197010106,0.6847332699657613,0.6900179985929421,0.6951996378058193,0.7002770369654653,0.7052491515600509,0.7101150331310265,0.7148738201448218,0.7195247298184674,0.7240670509076861,0.7285001374664715,0.732823403587877,0.7370363191365126,0.7411384064840306,0.7451292382594915,0.7490084361268153,0.7527756706014062,0.7564306619172828,0.7599731819545307,0.7634030572343872,0.7667201729856346,0.7699244782809734,0.7730159922355309,0.7759948112514008,0.7788611172819974,0.7816151870778175,0.7842574023609076,0.7867882608587922,0.7892083881098702,0.7915185499313772,0.793719665418102,0.7958128203154086,0.7977992805841363,0.7996805059481513,0.8014581631883804,0.8031341389209066,0.804710551572099,0.8061897622419298,0.8075743841288208,0.8088672901768937,0.8100716186007367,0.8111907759451161,0.8122284373487005,0.813188543702963,0.8140752954308156,0.8148931426547201,0.8156467715810948,0.8163410869963617,0.8169811908489353,0.8175723569792568,0.8181200021544076,0.8186296536620988,0.8191069138176971,0.819557421833746,0.819986813590368,0.8204006799231035,0.8208045241085515,0.8212037192743364,0.8216034664858637,0.8220087542662362,0.8224243202867131,0.8228546159234,0.8233037743126875,0.8237755824555256,0.8242734578220766,0.8248004297974475,0.8253591261904034,0.8259517649048128,0.8265801507526386,0.8272456772719361,0.8279493333074124,0.8286917140179051,0.8294730358971163,0.8302931553327474,0.8311515901856297,0.8320475438445137,0.8329799312031528,0.8339474060128361,0.8349483890837872,0.8359810968406695,0.8370435697785277,0.8381337004133911,0.8392492603742019,0.8403879263374701,0.8415473045611835,0.8427249538283371,0.843918406661591
-0.632440168178853,-0.6291633486284006,-0.6258691402276305,-0.622557463738829,-0.6192282369865587,-0.6158813748150522,-0.6125167890446536,-0.6091343884272906,-0.6057340786009484,-0.6023157620431271,-0.5988793380232594,-0.5954247025540671,-0.5919517483418272,-0.5884603647355323,-0.5849504376749144,-0.5814218496373122,-0.5778744795833516,-0.5743082029014216,-0.5707228913509143,-0.5671184130042046,-0.5634946321873454,-0.5598514094194494,-0.5561886013507329,-0.552506060699193,-0.5488036361858913,-0.545081172468819,-0.5413385100753118,-0.5375754853329903,-0.5337919302991971,-0.5299876726889015,-0.5261625358010462,-0.5223163384433053,-0.5184488948552282,-0.51456001462974,-0.5106495026329728,-0.5067171589223971,-0.5027627786632297,-0.49878615204309135,-0.4947870641848857,-0.4907652950578747,-0.48672061938692845,-0.48265280655992177,-0.4785616205332563,-0.47444681973548675,-0.47030815696902833,-0.4661453793099287,-0.46195822800568437,-0.4577464383710866,-0.4535097396820822,-0.44924785506763876,-0.444960501399601,-0.440647389180537,-0.43630822242956446,-0.4319426985661612,-0.42755050829196084,-0.4231313354705388,-0.4186848570052048,-0.4142107427148112,-0.4097086552076079,-0.40517824975315786,-0.40061917415236065,-0.39603106860561255,-0.3914135655791595,-0.3867662896696908,-0.382088857467246,-0.3773808774165011,-0.37264194967652753,-0.3678716659791104,-0.36306960948574357,-0.35823535464341666,-0.3533684670393339,-0.3484685032547167,-0.343535010717859,-0.33856752755662395,-0.33356558245058837,-0.3285286944830708,-0.323456372993288,-0.3183481174289296,-0.31320341719944983,-0.30802175153042,-0.3028025893193065,-0.2975453889930845,-0.29224959836812675,-0.2869146545128533,-0.2815399836136721,-0.2761250008447862,-0.27066911024249624,-0.2651717045846865,-0.25963216527623634,-0.25404986224117293,-0.24842415382244493,-0.24275438669027824,-0.23703989576015616,-0.23128000412155458,-0.22547402297865893,-0.21962125160440066,-0.21372097730925158,-0.20777247542634836,-0.2017750093146411,-0.1957278303819087,-0.189630178129632,-0.18348128022188245,-0.17728035258056415,-0.17102659950953408,-0.16471921385034305,-0.15835737717254725,-0.15194026000180424,-0.14546702208920476,-0.13893681272558994,-0.13234877110489732,-0.12570202674091466,-0.11899569994215964,-0.1122289023499981,-0.10540073754551563,-0.09851030173109607,-0.09155668449314765,-0.0845389696529122,-0.07745623621286374,-0.07030755940678186,-0.06309201186223837,-0.05580866488489693,-0.048456589874809476,-0.041034859885646376,-0.03354255133866913,-0.025978745904181998,-0.018342532564163874,-0.010633009870860759,-0.0028492884172344603,0.0050095064636068165,0.012944231751573752,0.020955723525549436,0.029044793460821297,0.037212225015103614,0.04545876927856045,0.05378514046143612,0.06219201099097447,0.07068000618727002,0.07924969848552291,0.08790160116988187,0.0966361615816286,0.10545375376191453,0.1143546704865587,0.12333911464760967,0.13240718993344092,0.141558890756058,0.15079409137114858,0.16011253413311713,0.16951381682399386,0.17899737899167162,0.1885624872294969,0.198208219325766,0.20793344720826154,0.21773681860567015,0.22761673734453752,0.23757134219749115,0.2475984841958833,0.2576957023177797,0.2678601974606531,0.2780888046071828,0.28837796309254693,0.2987236848826043,0.3091215207747297,0.3195665244369425,0.3300532142067782,0.3405755325793403,0.3511268033245802,0.3616996861874843,0.37228612914206677,0.38287731819127035,0.39346362473085195,0.404034550526555,0.41457867039114965,0.4250835726920164,0.4355357978715828,0.44592077522300944,0.456222758232857,0.4664247588819403,0.4765084813859434,0.4864542559594322,0.49624097330127837,0.5058460206266385,0.515245220210794,0.5244127715632055,0.5333211985156282,0.5419413026850046,0.55024212495845,0.558190916841543,0.5657531237088594,0.5728923821930102,0.579570534139349,0.5857476597313191,0.5913821325472965,0.5964306994338602,0.6008485881609003,0.6045896458477911,0.6076065111022873,0.6098508226794485,0.6112734672303238,0.6118248683531998,0.6114553186685087,0.6101153559984052
-0.665483273173114,-0.6609749915013513,-0.6564592665285566,-0.6519361604957579,-0.6474057203887921,-0.642867978541145,-0.638322953196057,-0.6337706490297225,-0.6292110576372666,-0.6246441579830876,-0.620069916817028,-0.615488289057751,-0.6108992181445754,-0.6063026363589501,-0.6016984651166393,-0.5970866152316067,-0.5924669871525085,-0.587839471172605,-0.5832039476138418,-0.5785602869857532,-0.5739083501197825,-0.5692479882795226,-0.5645790432473228,-0.5599013473876264,-0.5552147236873325,-0.550518985773412,-0.5458139379079311,-0.5410993749605675,-0.5363750823586347,-0.5316408360145566,-0.5268964022306643,-0.5221415375811137,-0.5173759887706426,-0.5125994924698182,-0.5078117751263352,-0.5030125527518517,-0.49820153068376,-0.49337840332120103,-0.48854285383454155,-0.48369455384743126,-0.4788331630904598,-0.47395832902532364,-0.46906968643830294,-0.4641668570017269,-0.45924944880198476,-0.4543170558325025,-0.44936925744997247,-0.44440561779197446,-0.439425685153967,-0.4344289913234776,-0.429415050869143,-0.42438336038207325,-0.4193333976668412,-0.41426462087919624,-0.4091764676074248,-0.40406835389407053,-0.3989396731945475,-0.3937897952689817,-0.38861806500344337,-0.3834238011565557,-0.37820629502734054,-0.3729648090400305,-0.36769857524151817,-0.36240679370708545,-0.35708863085011655,-0.35174321763162186,-0.3463696476656466,-0.34096697521699104,-0.33553421308817616,-0.3300703303932523,-0.32457425021688907,-0.31904484715821996,-0.3134809447601335,-0.30788131282610165,-0.30224466462816496,-0.296569654011306,-0.29085487240099267,-0.28509884572204847,-0.27930003123793007,-0.2734568143197055,-0.26756750515311906,-0.26163033538965336,-0.25564345474291134,-0.24960492752436927,-0.24351272910201344,-0.23736474225108653,-0.231158753347807,-0.22489244833451383,-0.21856340835866045,-0.21216910495953728,-0.20570689464729447,-0.19917401269130447,-0.19256756591235372,-0.18588452425919555,-0.1791217109482787,-0.17227579095910206,-0.16534325770843594,-0.15832041777467584,-0.1512033736064594,-0.1439880042226851,-0.136669943987329,-0.12924455961390863,-0.12170692561298599,-0.11405179843509362,-0.10627358957706089,-0.09836633791170898,-0.09032368147320978,-0.08213882889050429,-0.07380453061942104,-0.06531305009222149,-0.05665613489337304,-0.047824988093800404,-0.03881023994326608,-0.02960192024154376,-0.020189431893579492,-0.010561526413113528,-0.0007062824876205698,0.00938891082561155,0.01973736411022527,0.030353087882133818,0.04125077924962318,0.05244578975690286,0.06395406757694934,0.07579206507977276,0.08797660002107485,0.100524654977799,0.11345309494771347,0.12677827690436722,0.14051551714149121,0.15467837193057696,0.1692776737082205,0.18432024793392315,0.19980721403031146,0.21573174650114127,0.2320761385810653,0.2488079701743492,0.2658751349497812,0.28319943088759864,0.30066837079957304,0.31812483770069694,0.3353542192697966,0.35206874923446174,0.3678890319337962,0.3823232370288993,0.39474537357472417,0.4043755648453154,0.4102674999655902,0.41131122506077505,0.40626271960015153,0.3938140371135203,0.372716768810463,0.3419638058884947,0.301016869600595,0.250040827561378,0.1900789628851682,0.1230930286761623,0.05181537765101951,-0.02058043554596268,-0.0909135562718989,-0.1564145653281884,-0.2150204858084483,-0.26549341736869403,-0.30737591922395663,-0.34083917726721463,-0.36648934606370603,-0.38518268369368014,-0.3978771091457966,-0.4055281379388178,-0.40902510007959036,-0.40915846617920876,-0.40660852722932234,-0.40194724485811384,-0.39564726791967314,-0.3880941175109952,-0.3795990978359313,-0.37041157675476,-0.36072998215342755,-0.35071128389591677,-0.340478967984695,-0.3301296286724375,-0.3197383531960086,-0.30936308339011065,-0.2990481277488885,-0.2888269777967441,-0.2787245602213522,-0.2687590344210448,-0.25894322547066506,-0.24928576556993873,-0.23979200283630606,-0.23046472461693374,-0.22130473299765538,-0.2123113025365312,-0.20348254412383915,-0.1948156939847271,-0.1863073429540661,-0.17795361806595159,-0.16975032604967796,-0.1616930663790383,-0.15377731997749988,-0.1459985184546691,-0.1383520977736048
0.0740260122002707,0.08326284389984337,0.09249766133841192,0.1017302371996197,0.11096034217270893,0.12018774425151213,0.1294122079969759,0.13863349376035738,0.1478513568640246,0.1570655467365217,0.16627580599829941,0.17548186949418942,0.1846834632683951,0.19388030347739624,0.2030720952357701,0.21225853138951745,0.22143929121098857,0.2306140390090033,0.23978242264718347,0.2489440719628962,0.2580985970785206,0.2672455865959963,0.2763846056647913,0.28551519391250224,0.29463686322631066,0.303749095372392,0.3128513394391694,0.32194300908893847,0.3310234796009023,0.3400920846870016,0.3491481130600887,0.3581908047319807,0.3672193470166505,0.37623287021135093,0.38523044292565833,0.39421106702536374,0.40317367215469285,0.4121171097965154,0.4210401468259489,0.42994145850800514,0.43881962088461746,0.44767310249048153,0.4565002553304789,0.4652993050440787,0.4740683401737769,0.4828053004453536,0.49150796395727836,0.5001739331649038,0.508800619531934,0.5173852267069006,0.525924732065781,0.5344158664432347,0.5428550918539479,0.5512385769819621,0.5595621701892738,0.5678213697650889,0.5760112911034462,0.5841266304590371,0.592161624888462,0.6001100079362852,0.6079649605714874,0.6157190568196597,0.6233642034688117,0.630891573151343,0.6382915300208108,0.6455535471490992,0.6526661146667949,0.659616637556839,0.6663913218887044,0.6729750481480101,0.6793512301757841,0.6855016580847308,0.6914063233706195,0.6970432242910624,0.7023881494502616,0.70741443741959,0.7120927101585252,0.7163905780044575,0.7202723141095853,0.7236984964687482,0.7266256161724277,0.7290056513279639,0.7307856073454448,0.7319070261515825,0.7323054695988471,0.7319099861715129,0.7306425754349599,0.7284176720140764,0.7251416808266928,0.7207126085761909,0.7150198539887178,0.7079442419229182,0.6993584152474751,0.6891277340652933,0.6771118747600109,0.6631673707165316,0.6471513898152679,0.6289270952071941,0.6083709749542248,0.5853825355727355,0.559896708219457,0.5318991780794984,0.5014445726530459,0.4686769860272217,0.43385163935594534,0.39735558677501326,0.35972435052217433,0.3216504038618256,0.2839788466718114,0.24768587311159415,0.21383713864233495,0.18352609590823432,0.15779651447609172,0.13755783887358491,0.12350539097078175,0.1160582829764836,0.11532551787208656,0.12110550368213062,0.13291761000399469,0.15005847487071372,0.1716721869585412,0.1968228767158924,0.22456021318655756,0.25397170149436615,0.2842192890570266,0.314560732626646,0.34435806001591385,0.3730762995918055,0.40027570020587927,0.4256002405563092,0.4487646028073782,0.469541147609952,0.48774787898736005,0.5032379669712502,0.5158911034299746,0.5256067829072748,0.5322994997430794,0.5358958101635536,0.5363332018218386,0.5335607258656515,0.5275413636867506,0.5182561098654792,0.5057097433021221,0.48993821936429477,0.4710175367602905,0.4490738049219873,0.42429405581062435,0.39693711042204816,0.3673435390969999,0.33594347735579916,0.303260827341869,0.2699122610360026,0.23659952902846784,0.20409394545805257,0.17321260961948845,0.14478691621260273,0.11962508827112125,0.09847163722140745,0.08196755219371514,0.07061539229977373,0.06475313881201729,0.06453965601789127,0.06995308680419328,0.08080178593312114,0.09674582935560665,0.11732602903480722,0.14199688739898778,0.17016003864369533,0.20119530880153677,0.23448737769724684,0.26944693716707513,0.3055260514715007,0.3422280451273397,0.37911264187067234,0.4157972743436797,0.451955521271867,0.4873135589035213,0.5216453834914528,0.5547674084456298,0.5865328885722267,0.6168264891965903,0.6455592066190663,0.672663759563995,0.6980905071702711,0.7218039042156856,0.7437794747907567,0.7640012678437058,0.7824597487027853,0.7991500772435156,0.8140707237938806,0.8272223766680509,0.8386070993217813,0.8482276997977043,0.8560872798931997,0.8621889360369072,0.8665355880288204,0.8691299154975467,0.8699743851274537,0.8690713544148913,0.866423239954205,0.8620327400697239
0.203836735117544,0.2109718003614133,0.21810835128441253,0.22524641500896753,0.2323860297223915,0.23952722720001904,0.2466700156623421,0.25381436320741935,0.2609601820117282,0.2681073134437653,0.2752555141872837,0.28240444342674503,0.2895536511076885,0.29670256725007094,0.3038504922636847,0.31099658819161236,0.31813987079011924,0.3252792023410717,0.3324132850853166,0.3395406551618898,0.34665967693773814,0.35376853761522475,0.3608652420094131,0.36794760739341265,0.37501325831747295,0.38205962131557,0.3890839194216522,0.39608316642619396,0.4030541608120945,0.4099934793170891,0.41689747007765005,0.4237622453168153,0.4305836735454769,0.4373573712534607,0.4440786940732384,0.45074272740549615,0.4573442765020302,0.4638778560077669,0.47033767897013823,0.47671764533077116,0.48301132992155904,0.4892119699948585,0.4953124523258555,0.5013052999343314,0.5071826584831461,0.5129362824220153,0.5185575209576382,0.5240373039451741,0.529366127811547,0.5345340416382905,0.539530633550728,0.544345017581393,0.5489658211988396,0.5533811737184842,0.5575786958399558,0.5615454905856755,0.565268135948034,0.5687326795875834,0.5719246359619929,0.5748289863049889,0.5774301819157908,0.5797121512623584,0.5816583114454938,0.5832515846148623,0.5844744199714377,0.5853088220326816,0.5857363858756134,0.5857383401072979,0.5852955983402931,0.5843888199701486,0.5829984810606711,0.5811049561376215,0.5786886116696884,0.5757299119737054,0.5722095382155029,0.568108521084854,0.5634083875988358,0.5580913223289253,0.5521403431497849,0.5455394913690154,0.5382740358148329,0.5303306901314526,0.5216978421599547,0.5123657938673384,0.5023270098321349,0.491576371807538,0.48011143637140974,0.4679326921486194,0.4550438125698885,0.44145189963075737,0.42716771365540124,0.41220588367632593,0.3965850927378168,0.38032823224468804,0.36346251943437635,0.34601957217411655,0.32803543559660636,0.30955055560317574,0.2906096949916722,0.2712617889074798,0.251559737460398,0.23156013467696268,0.2113229344351226,0.19091105561304353,0.17038993032354613,0.14982700073953406,0.12929117157833975,0.10885222673662556,0.08858021978745849,0.06854484900839725,0.04881482825551063,0.02945726529846409,0.010537059168922855,-0.00788367234939427,-0.025746124721719495,-0.042995288838197594,-0.05958037531823963,-0.07545517428567063,-0.09057834533729237,-0.10491363364023662,-0.11843000895821269,-0.13110172475558982,-0.14290829430887433,-0.15383438026587706,-0.16386959443164448,-0.173008208248624,-0.18124878573466388,-0.1885937740409033,-0.19504912125678076,-0.20062401980331318,-0.20533085937024617,-0.20918538128321604,-0.21220688092081957,-0.21441821624377166,-0.2158454551385327,-0.21651719621155358,-0.21646376201547174,-0.215716475585141,-0.21430712834704063,-0.21226763741237106,-0.2096298352014868,-0.20642533083668504,-0.20268540212714795,-0.1984408975988624,-0.19372214177328143,-0.1885588437371095,-0.1829800114136611,-0.1770138740818393,-0.17068781498308888,-0.1640283150007527,-0.157060907664768,-0.14981014519787028,-0.14229957496416656,-0.13455172546889435,-0.12658810094998635,-0.11842918356549204,-0.11009444219177504,-0.1016023468883798,-0.09297038814467738,-0.08421510009257208,-0.07535208694324795,-0.06639605198036914,-0.057360828514982844,-0.048259412276960734,-0.039103994783256366,-0.029905997283946377,-0.020676104942787564,-0.011424300959711637,-0.0021599003884840047,0.007108416556221034,0.0163725718715284,0.02562505795571253,0.034858906722629535,0.04406765972480252,0.05324533934715511,0.0623864211147518,0.07148580714194828,0.08053880073676518,0.0895410821628402,0.09848868555173758,0.10737797695046546,0.11620563348259305,0.12496862359614289,0.1336641883673521,0.14228982382623775,0.15084326426758418,0.15932246650934154,0.1677255950593618,0.17605100815092806,0.18429724460733984,0.19246301149612455,0.200547172533897,0.2085487372036999,0.21646685054752418,0.22430078359786368,0.23204992441326924,0.23971376968418046,0.2472919168766306,0.25478405688274136,0.2621899671483543,0.269509505249466
0.385030744464057,0.39105578148319536,0.39702473674651234,0.40293642107078215,0.40878975537919315,0.41458377118198314,0.4203176107127683,0.4259905267262343,0.4316018819644782,0.43715114830077445,0.4426379055709565,0.4480618401038783,0.4534227429636062,0.4587205079170342,0.4639551291415366,0.4691266986880749,0.4742354037158374,0.479281523515025,0.48426542633481295,0.4891875660338053,0.49404847857046125,0.49884877835103025,0.5035891544524783,0.5082703667377191,0.5128932418802237,0.5174586693147245,0.5219675971303179,0.5264210279217691,0.530820014614262,0.5351656562762277,0.5394590939342148,0.5437015064030724,0.5478941061439668,0.5520381351620174,0.5561348609545366,0.5601855725200962,0.564191576437836,0.5681541930256552,0.572074752585139,0.575954591740312,0.579795049876554,0.5835974656852895,0.5873631738193481,0.5910935016632258,0.5947897662218099,0.5984532711305347,0.602085303789323,0.6056871326221382,0.6092600044634432,0.6128051420723737,0.616323741775003,0.6198169712346399,0.6232859673497383,0.6267318342786389,0.630155641590053,0.6335584225379168,0.6369411724589821,0.6403048472912877,0.6436503622114584,0.6469785903885985,0.6502903618523898,0.6535864624728924,0.6568676330494051,0.6601345685056842,0.6633879171887092,0.6666282802681494,0.6698562112336123,0.6730722154867353,0.676276750025141,0.679470223215261,0.682652994651016,0.68582537509534,0.6889876265015137,0.6921399621112994,0.6952825466268381,0.698415496453298,0.7015388800092516,0.7046527181017608,0.7077569843631558,0.7108516057464852,0.7139364630766123,0.7170113916539285,0.7200761819076397,0.7231305800955702,0.7261742890474165,0.7292069689483505,0.732228238159866,0.7352376740747176,0.7382348140027861,0.7412191560846599,0.7441901602297041,0.7471472490753275,0.7500898089641559,0.753017190935745,0.7559287117294662,0.7588236547951328,0.7617012713079272,0.7645607811841432,0.7674013740942481,0.7702222104697424,0.773022422500292,0.7758011151176113,0.7785573669625777,0.7812902313320986,0.7839987371022819,0.7866818896245253,0.7893386715912234,0.791968043867887,0.794568946288608,0.7971402984119544,0.799681000234575,0.8021899328600243,0.8046659591205848,0.8071079241501731,0.8095146559067887,0.8118849656433712,0.8142176483264164,0.8165114830022308,0.8187652331113264,0.8209776467521288,0.8231474568959547,0.8252733815560421,0.8273541239143911,0.8293883724111899,0.8313748008027606,0.833312068195208,0.8351988190623145,0.8370336832577048,0.8388152760328956,0.8405421980745413,0.842213035576022,0.8438263603604148,0.8453807300739313,0.8468746884709888,0.8483067658142558,0.8496754794152194,0.8509793343430471,0.852216824331711,0.8533864329174866,0.8544866348409442,0.8555158977493981,0.8564726842373548,0.8573554542637757,0.8581626679857792,0.8588927890487376,0.8595442883723817,0.8601156484714629,0.8606053683475462,0.8610119689855534,0.8613339994845638,0.861570043847008,0.8617187284436336,0.8617787301633918,0.8617487852475689,0.861627698796088,0.8614143549208371,0.8611077275062635,0.8607068915213273,0.8602110348094619,0.8596194702646267,0.8589316482822201,0.8581471693539147,0.8572657966559089,0.8562874684611999,0.8552123101889416,0.8540406458884637,0.8527730089428244,0.8514101517676623,0.8499530542763083,0.8484029308823376,0.8467612358166318,0.8450296665480085,0.843210165114926,0.8413049172007632,0.8393163488165888,0.837247120492771,0.8351001189235623,0.832878446056002,0.8305854056649056,0.8282244875079409,0.8257993492072679,0.823313796055227,0.8207717589893995,0.8181772710253638,0.815534442472061,0.8128474352835635,0.810120436921115,0.80735763410989,0.8045631868755743,0.8017412032367269,0.798895714910244,0.7960306543599807,0.793149833483692,0.7902569241923554,0.7873554410900722,0.7844487264138302,0.7815399373420432,0.778632035730597,0.775727780286638,0.7728297211448191,0.7699401967693371
